title,price,mileage,year,location,engine,transmission
"Toyota Corolla GLi","Rs 4,850,000","78000 km",2018,"Lahore","1300cc","Automatic"
"Honda Civic 1.8","52 lacs","65k",2019,"LHR","1800 cc","Auto"
"Suzuki Alto VXL","Rs. 2,750,000","45,500 KM",2020,"Lahore","660cc","Automatic"
"Toyota Yaris ATIV","3.9 million","32,000",2021,"Islamabad","1500 cc","Automatic"
"Honda City Aspire","38 lacs","72000 km",2017,"Lahore","1500cc","Manual"
"Suzuki Wagon R","25 lacs","55k",2019,"LHR","1000 cc","Manual"
"Toyota Corolla Altis","Rs 5,200,000","40,000 KM",2020,"Lahore","1800cc","Automatic"
"Honda Civic Oriel","6.2 million","28k",2021,"Islamabad","1800 cc","Automatic"
"Suzuki Cultus VXL","29 lacs","60,000 km",2018,"Lahore","1000cc","Manual"
"Toyota Vitz","32 lacs","50k",2016,"Karachi","1000 cc","Automatic"